designator,name,category,row_idx,col,ring,quad
A10,GPIO177PB1/CCC_SW_PLL0_OUT0,GPIO_BANK1,0,10,0,NW
A11,GPIO177NB1,GPIO_BANK1,0,11,0,NW
A12,GPIO1NB1,GPIO_BANK1,0,12,0,NE
A13,GPIO1PB1/CLKIN_S_5,GPIO_BANK1,0,13,0,NE
A15,GPIO5PB1/CLKIN_S_7,GPIO_BANK1,0,15,0,NE
A16,GPIO13PB1,GPIO_BANK1,0,16,0,NE
A17,GPIO13NB1,GPIO_BANK1,0,17,0,NE
A18,GPIO17PB1/CCC_SE_CLKIN_S_11,GPIO_BANK1,0,18,0,NE
A20,GPIO20PB9/DQS,GPIO_BANK1,0,20,0,NE
A21,GPIO20NB9/DQS,GPIO_BANK1,0,21,0,NE
A5,GPIO172NB1,GPIO_BANK1,0,5,0,NW
A6,GPIO172PB1/CCC_SW_PLL1_OUT1,GPIO_BANK1,0,6,0,NW
A7,GPIO173PB1/CLKIN_S_3/CCC_SW_CLKIN_S_3,GPIO_BANK1,0,7,0,NW
A8,GPIO175PB1,GPIO_BANK1,0,8,0,NW
B10,GPIO179PB1,GPIO_BANK1,1,10,1,NW
B12,GPIO0PB1/CLKIN_S_4,GPIO_BANK1,1,12,1,NE
B13,GPIO3PB1/CLKIN_S_6,GPIO_BANK1,1,13,1,NE
B14,GPIO3NB1,GPIO_BANK1,1,14,1,NE
B15,GPIO5NB1,GPIO_BANK1,1,15,1,NE
B17,GPIO15PB1/CCC_SE_CLKIN_S_10/CCC_SE_PLL1_OUT0,GPIO_BANK1,1,17,1,NE
B18,GPIO17NB1,GPIO_BANK1,1,18,1,NE
B19,GPIO19NB9,GPIO_BANK1,1,19,1,NE
B20,GPIO19PB9,GPIO_BANK1,1,20,1,NE
B21,GPIO22PB9,GPIO_BANK1,1,21,1,NE
B22,GPIO22NB9,GPIO_BANK1,1,22,0,NE
B4,GPIO169NB1,GPIO_BANK1,1,4,1,NW
B5,GPIO170NB1/DQS,GPIO_BANK1,1,5,1,NW
B7,GPIO173NB1,GPIO_BANK1,1,7,1,NW
B8,GPIO175NB1,GPIO_BANK1,1,8,1,NW
B9,GPIO179NB1,GPIO_BANK1,1,9,1,NW
C10,GPIO176PB1/DQS/CCC_SW_PLL0_OUT0,GPIO_BANK1,2,10,2,NW
C11,GPIO178PB1/CCC_SW_PLL0_OUT1,GPIO_BANK1,2,11,2,NW
C12,GPIO0NB1,GPIO_BANK1,2,12,2,NE
C14,GPIO4PB1/LPRB_A,GPIO_BANK1,2,14,2,NE
C15,GPIO4NB1/LPRB_B,GPIO_BANK1,2,15,2,NE
C16,GPIO12PB1,GPIO_BANK1,2,16,2,NE
C17,GPIO15NB1,GPIO_BANK1,2,17,2,NE
C19,GPIO18PB9,GPIO_BANK1,2,19,2,NE
C20,GPIO18NB9,GPIO_BANK1,2,20,2,NE
C22,GPIO23PB9,GPIO_BANK1,2,22,0,NE
C4,GPIO169PB1/CCC_SW_CLKIN_S_1,GPIO_BANK1,2,4,2,NW
C5,GPIO170PB1/DQS/CCC_SW_PLL1_OUT0,GPIO_BANK1,2,5,2,NW
C6,GPIO171PB1/CLKIN_S_2/CCC_SW_CLKIN_S_2/CCC_SW_PLL1_OUT0,GPIO_BANK1,2,6,2,NW
C7,GPIO171NB1,GPIO_BANK1,2,7,2,NW
C9,GPIO176NB1/DQS,GPIO_BANK1,2,9,2,NW
D11,GPIO178NB1,GPIO_BANK1,3,11,3,NW
D12,GPIO183PB1,GPIO_BANK1,3,12,3,NE
D13,GPIO2PB1/DQS,GPIO_BANK1,3,13,3,NE
D14,GPIO2NB1/DQS,GPIO_BANK1,3,14,3,NE
D16,GPIO10NB1,GPIO_BANK1,3,16,3,NE
D17,GPIO12NB1,GPIO_BANK1,3,17,3,NE
D18,GPIO16PB1/CCC_SE_PLL1_OUT1,GPIO_BANK1,3,18,3,NE
D19,GPIO14NB1/DQS,GPIO_BANK1,3,19,3,NE
D20,GPIO21NB9,GPIO_BANK1,3,20,2,NE
D21,GPIO21PB9,GPIO_BANK1,3,21,1,NE
D22,GPIO23NB9,GPIO_BANK1,3,22,0,NE
D6,GPIO168NB1,GPIO_BANK1,3,6,3,NW
D7,GPIO168PB1/CCC_SW_CLKIN_S_0,GPIO_BANK1,3,7,3,NW
D8,GPIO174NB1,GPIO_BANK1,3,8,3,NW
D9,GPIO174PB1,GPIO_BANK1,3,9,3,NW
E10,GPIO180PB1,GPIO_BANK1,4,10,4,NW
E11,GPIO183NB1,GPIO_BANK1,4,11,4,NW
E13,GPIO184PB1,GPIO_BANK1,4,13,4,NE
E14,GPIO9NB1,GPIO_BANK1,4,14,4,NE
E15,GPIO9PB1/CLKIN_S_8/CCC_SE_CLKIN_S_8/CCC_SE_PLL0_OUT0,GPIO_BANK1,4,15,4,NE
E16,GPIO10PB1/CCC_SE_PLL0_OUT1,GPIO_BANK1,4,16,4,NE
E18,GPIO16NB1,GPIO_BANK1,4,18,4,NE
E19,GPIO14PB1/DQS/CCC_SE_PLL1_OUT0,GPIO_BANK1,4,19,3,NE
F10,GPIO180NB1,GPIO_BANK1,5,10,5,NW
F11,GPIO181NB1,GPIO_BANK1,5,11,5,NW
F12,GPIO181PB1,GPIO_BANK1,5,12,5,NE
F13,GPIO184NB1,GPIO_BANK1,5,13,5,NE
F15,GPIO6PB1,GPIO_BANK1,5,15,5,NE
F16,GPIO11NB1,GPIO_BANK1,5,16,5,NE
F17,GPIO11PB1/CLKIN_S_9/CCC_SE_CLKIN_S_9,GPIO_BANK1,5,17,5,NE
G12,GPIO182NB1/DQS,GPIO_BANK1,6,12,6,NE
G13,GPIO185PB1,GPIO_BANK1,6,13,6,NE
G14,GPIO6NB1,GPIO_BANK1,6,14,6,NE
G15,GPIO7PB1,GPIO_BANK1,6,15,6,NE
G17,GPIO8PB1/DQS/CCC_SE_PLL0_OUT0,GPIO_BANK1,6,17,5,NE
H12,GPIO182PB1/DQS,GPIO_BANK1,7,12,7,NE
H13,GPIO185NB1,GPIO_BANK1,7,13,7,NE
H15,GPIO7NB1,GPIO_BANK1,7,15,7,NE
H17,GPIO8NB1/DQS,GPIO_BANK1,7,17,5,NE
AA12,HSIO88PB0,HSIO_BANK0,20,12,1,SE
AA13,HSIO86PB0/CLKIN_N_4/CCC_NW_PLL0_OUT0,HSIO_BANK0,20,13,1,SE
AA15,HSIO85NB0,HSIO_BANK0,20,15,1,SE
AA16,HSIO82PB0,HSIO_BANK0,20,16,1,SE
AA17,HSIO81NB0/DQS,HSIO_BANK0,20,17,1,SE
AA18,HSIO78NB0,HSIO_BANK0,20,18,1,SE
AA20,HSIO71NB0,HSIO_BANK0,20,20,1,SE
AA21,HSIO69PB0/DQS/CCC_NE_PLL0_OUT0,HSIO_BANK0,20,21,1,SE
AA22,HSIO69NB0/DQS,HSIO_BANK0,20,22,0,SE
AB12,HSIO88NB0,HSIO_BANK0,21,12,0,SE
AB13,HSIO86NB0,HSIO_BANK0,21,13,0,SE
AB14,HSIO84PB0/CLKIN_N_5,HSIO_BANK0,21,14,0,SE
AB15,HSIO84NB0,HSIO_BANK0,21,15,0,SE
AB17,HSIO81PB0/DQS,HSIO_BANK0,21,17,0,SE
AB18,HSIO78PB0/CLKIN_N_7,HSIO_BANK0,21,18,0,SE
AB19,HSIO70PB0,HSIO_BANK0,21,19,0,SE
AB20,HSIO70NB0,HSIO_BANK0,21,20,0,SE
AB21,HSIO71PB0,HSIO_BANK0,21,21,0,SE
R12,HSIO95PB0/CCC_NW_CLKIN_N_0,HSIO_BANK0,14,12,7,SE
R14,HSIO77NB0,HSIO_BANK0,14,14,7,SE
R15,HSIO77PB0,HSIO_BANK0,14,15,7,SE
R16,HSIO75NB0/DQS,HSIO_BANK0,14,16,6,SE
T12,HSIO94NB0,HSIO_BANK0,15,12,6,SE
T13,HSIO95NB0,HSIO_BANK0,15,13,6,SE
T15,HSIO91NB0,HSIO_BANK0,15,15,6,SE
T16,HSIO75PB0/DQS/CCC_NE_PLL1_OUT0,HSIO_BANK0,15,16,6,SE
T17,HSIO73PB0/CCC_NE_PLL1_OUT1,HSIO_BANK0,15,17,5,SE
U12,HSIO94PB0/CCC_NW_CLKIN_N_1,HSIO_BANK0,16,12,5,SE
U13,HSIO93NB0/DQS,HSIO_BANK0,16,13,5,SE
U14,HSIO93PB0/DQS/CCC_NW_PLL1_OUT0,HSIO_BANK0,16,14,5,SE
U15,HSIO91PB0/CCC_NW_PLL1_OUT1,HSIO_BANK0,16,15,5,SE
U17,HSIO73NB0,HSIO_BANK0,16,17,5,SE
U18,HSIO74NB0,HSIO_BANK0,16,18,4,SE
U19,HSIO74PB0/CLKIN_N_8/CCC_NE_CLKIN_N_8/CCC_NE_PLL1_OUT0,HSIO_BANK0,16,19,3,SE
V12,HSIO92NB0,HSIO_BANK0,17,12,4,SE
V14,HSIO90PB0/CLKIN_N_3/CCC_NW_CLKIN_N_3,HSIO_BANK0,17,14,4,SE
V15,HSIO90NB0,HSIO_BANK0,17,15,4,SE
V16,HSIO76NB0,HSIO_BANK0,17,16,4,SE
V17,HSIO76PB0,HSIO_BANK0,17,17,4,SE
V19,HSIO72NB0,HSIO_BANK0,17,19,3,SE
V20,HSIO72PB0/CLKIN_N_9/CCC_NE_CLKIN_N_9,HSIO_BANK0,17,20,2,SE
V21,HSIO68NB0,HSIO_BANK0,17,21,1,SE
V22,HSIO66NB0,HSIO_BANK0,17,22,0,SE
W12,HSIO92PB0/CLKIN_N_2/CCC_NW_CLKIN_N_2/CCC_NW_PLL1_OUT0,HSIO_BANK0,18,12,3,SE
W13,HSIO89PB0,HSIO_BANK0,18,13,3,SE
W14,HSIO87NB0/DQS,HSIO_BANK0,18,14,3,SE
W16,HSIO83PB0,HSIO_BANK0,18,16,3,SE
W17,HSIO83NB0,HSIO_BANK0,18,17,3,SE
W18,HSIO79NB0,HSIO_BANK0,18,18,3,SE
W19,HSIO79PB0,HSIO_BANK0,18,19,3,SE
W21,HSIO68PB0/CCC_NE_CLKIN_N_10/CCC_NE_PLL0_OUT0,HSIO_BANK0,18,21,1,SE
W22,HSIO66PB0/CCC_NE_CLKIN_N_11,HSIO_BANK0,18,22,0,SE
Y13,HSIO89NB0,HSIO_BANK0,19,13,2,SE
Y14,HSIO87PB0/DQS/CCC_NW_PLL0_OUT0,HSIO_BANK0,19,14,2,SE
Y15,HSIO85PB0/CCC_NW_PLL0_OUT1,HSIO_BANK0,19,15,2,SE
Y16,HSIO82NB0,HSIO_BANK0,19,16,2,SE
Y18,HSIO80NB0,HSIO_BANK0,19,18,2,SE
Y19,HSIO80PB0/CLKIN_N_6,HSIO_BANK0,19,19,2,SE
Y20,HSIO67PB0/CCC_NE_PLL0_OUT1,HSIO_BANK0,19,20,2,SE
Y21,HSIO67NB0,HSIO_BANK0,19,21,1,SE
E6,SCK,JTAG_SYSCTRL,4,6,4,NW
E8,TDO,JTAG_SYSCTRL,4,8,4,NW
E9,TCK,JTAG_SYSCTRL,4,9,4,NW
F7,SDO,JTAG_SYSCTRL,5,7,5,NW
F8,TMS,JTAG_SYSCTRL,5,8,5,NW
G10,FF_EXIT_N,JTAG_SYSCTRL,6,10,6,NW
G7,SS,JTAG_SYSCTRL,6,7,6,NW
G8,TRSTB,JTAG_SYSCTRL,6,8,6,NW
G9,TDI,JTAG_SYSCTRL,6,9,6,NW
H10,SDI,JTAG_SYSCTRL,7,10,7,NW
H11,SPI_EN,JTAG_SYSCTRL,7,11,7,NW
H7,DEVRST_N,JTAG_SYSCTRL,7,7,6,NW
H9,IO_CFG_INTF,JTAG_SYSCTRL,7,9,7,NW
A2,MSSIO33B2,MSSIO,0,2,0,NW
A3,MSSIO35B2,MSSIO,0,3,0,NW
B1,MSSIO27B2,MSSIO,1,1,0,NW
B2,MSSIO32B2,MSSIO,1,2,1,NW
B3,MSSIO34B2,MSSIO,1,3,1,NW
C1,MSSIO26B2,MSSIO,2,1,0,NW
C2,MSSIO29B2,MSSIO,2,2,1,NW
D1,MSSIO22B2,MSSIO,3,1,0,NW
D2,MSSIO23B2,MSSIO,3,2,1,NW
D3,MSSIO28B2,MSSIO,3,3,2,NW
D4,MSSIO37B2,MSSIO,3,4,3,NW
E1,MSSIO19B2,MSSIO,4,1,0,NW
E3,MSSIO36B2,MSSIO,4,3,2,NW
E4,MSSIO31B2,MSSIO,4,4,3,NW
E5,MSSIO30B2,MSSIO,4,5,4,NW
F1,MSSIO15B2,MSSIO,5,1,0,NW
F2,MSSIO18B2,MSSIO,5,2,1,NW
F3,MSSIO25B2,MSSIO,5,3,2,NW
F5,MSSIO21B2,MSSIO,5,5,4,NW
F6,MSSIO24B2,MSSIO,5,6,5,NW
G2,MSSIO14B2,MSSIO,6,2,1,NW
G3,MSSIO20B2,MSSIO,6,3,2,NW
G4,MSSIO17B2,MSSIO,6,4,3,NW
G5,MSSIO16B2,MSSIO,6,5,4,NW
H1,MSSIO2B4,MSSIO,7,1,0,NW
H2,MSSIO11B4,MSSIO,7,2,1,NW
H4,MSSIO7B4,MSSIO,7,4,3,NW
H5,MSSIO12B4,MSSIO,7,5,4,NW
H6,MSSIO9B4,MSSIO,7,6,5,NW
J1,MSSIO0B4,MSSIO,8,1,0,NW
J2,MSSIO13B4,MSSIO,8,2,1,NW
J3,MSSIO10B4,MSSIO,8,3,2,NW
J4,MSSIO3B4,MSSIO,8,4,3,NW
J6,MSSIO8B4,MSSIO,8,6,5,NW
J7,MSSIO5B4,MSSIO,8,7,6,NW
K3,MSSIO6B4,MSSIO,9,3,2,NW
K4,MSSIO4B4,MSSIO,9,4,3,NW
K5,MSSIO1B4,MSSIO,9,5,4,NW
AA1,MSS_DDR_DQ3,MSS_DDR,20,1,0,SW
AA10,MSS_DDR_DQS_N2,MSS_DDR,20,10,1,SW
AA11,MSS_DDR_DQS_P2,MSS_DDR,20,11,1,SW
AA2,MSS_DDR_DQS_P0,MSS_DDR,20,2,1,SW
AA3,MSS_DDR_DQS_N0,MSS_DDR,20,3,1,SW
AA5,MSS_DDR_DQ5,MSS_DDR,20,5,1,SW
AA6,MSS_DDR_DQ11,MSS_DDR,20,6,1,SW
AA7,MSS_DDR_DM1,MSS_DDR,20,7,1,SW
AA8,MSS_DDR_DQ15,MSS_DDR,20,8,1,SW
AB10,MSS_DDR_DQ19,MSS_DDR,21,10,0,SW
AB2,MSS_DDR_DQ6,MSS_DDR,21,2,0,SW
AB3,MSS_DDR_DQ7,MSS_DDR,21,3,0,SW
AB4,MSS_DDR_DM0,MSS_DDR,21,4,0,SW
AB5,MSS_DDR_DQ10,MSS_DDR,21,5,0,SW
AB7,MSS_DDR_DQ12,MSS_DDR,21,7,0,SW
AB8,MSS_DDR_DQ13,MSS_DDR,21,8,0,SW
AB9,MSS_DDR_DQ18,MSS_DDR,21,9,0,SW
K1,MSS_DDR_CKE0,MSS_DDR,9,1,0,NW
L1,MSS_DDR_ODT0,MSS_DDR,10,1,0,NW
L2,MSS_DDR_RAM_RST_N/DDR_PLL0_OUT1,MSS_DDR,10,2,1,NW
L3,MSS_DDR_CS0,MSS_DDR,10,3,2,NW
M2,MSS_DDR_BG1,MSS_DDR,11,2,1,SW
M3,MSS_DDR_CS1,MSS_DDR,11,3,2,SW
M4,MSS_DDR_ODT1,MSS_DDR,11,4,3,SW
M5,MSS_DDR_PARITY,MSS_DDR,11,5,4,SW
N1,MSS_DDR_BG0,MSS_DDR,12,1,0,SW
N2,MSS_DDR_CKE1,MSS_DDR,12,2,1,SW
N4,MSS_DDR_ALERT_N,MSS_DDR,12,4,3,SW
N5,MSS_DDR_ACT_N,MSS_DDR,12,5,4,SW
P1,MSS_DDR_A12,MSS_DDR,13,1,0,SW
P2,MSS_DDR_A13,MSS_DDR,13,2,1,SW
P3,MSS_DDR_A14,MSS_DDR,13,3,2,SW
P4,MSS_DDR_BA0,MSS_DDR,13,4,3,SW
P6,MSS_DDR_A6,MSS_DDR,13,6,5,SW
P7,MSS_DDR_A8,MSS_DDR,13,7,6,SW
P8,MSS_DDR_DQ31,MSS_DDR,13,8,7,SW
R1,MSS_DDR_A11,MSS_DDR,14,1,0,SW
R10,MSS_DDR_DQ29,MSS_DDR,14,10,7,SW
R11,MSS_DDR_DQ28,MSS_DDR,14,11,7,SW
R3,MSS_DDR_A15,MSS_DDR,14,3,2,SW
R4,MSS_DDR_A16,MSS_DDR,14,4,3,SW
R5,MSS_DDR_A5,MSS_DDR,14,5,4,SW
R6,MSS_DDR_A4,MSS_DDR,14,6,5,SW
R8,MSS_DDR_DQ30,MSS_DDR,14,8,7,SW
T1,MSS_DDR_CK1/DDR_PLL0_OUT0,MSS_DDR,15,1,0,SW
T10,MSS_DDR_DM3,MSS_DDR,15,10,6,SW
T11,MSS_DDR_DQ26,MSS_DDR,15,11,6,SW
T2,MSS_DDR_CK_N1,MSS_DDR,15,2,1,SW
T3,MSS_DDR_BA1,MSS_DDR,15,3,2,SW
T5,MSS_DDR_A0,MSS_DDR,15,5,4,SW
T6,MSS_DDR_A1,MSS_DDR,15,6,5,SW
T7,MSS_DDR_A7,MSS_DDR,15,7,6,SW
T8,MSS_DDR_DQ25,MSS_DDR,15,8,6,SW
U10,MSS_DDR_DQ27,MSS_DDR,16,10,5,SW
U2,MSS_DDR_A10,MSS_DDR,16,2,1,SW
U3,MSS_DDR3_WE_N,MSS_DDR,16,3,2,SW
U4,MSS_DDR_CK_N0,MSS_DDR,16,4,3,SW
U5,MSS_DDR_CK0/DDR_PLL0_OUT0,MSS_DDR,16,5,4,SW
U7,MSS_DDR_A9,MSS_DDR,16,7,5,SW
U8,MSS_DDR_DQ24,MSS_DDR,16,8,5,SW
U9,MSS_DDR_DQS_P3,MSS_DDR,16,9,5,SW
V1,MSS_DDR_DQS_N4,MSS_DDR,17,1,0,SW
V10,MSS_DDR_DQ21,MSS_DDR,17,10,4,SW
V11,MSS_DDR_DQ20,MSS_DDR,17,11,4,SW
V2,MSS_DDR_DQS_P4,MSS_DDR,17,2,1,SW
V4,MSS_DDR_VREF_IN,MSS_DDR,17,4,3,SW
V5,MSS_DDR_DM4,MSS_DDR,17,5,4,SW
V6,MSS_DDR_A3,MSS_DDR,17,6,4,SW
V7,MSS_DDR_A2,MSS_DDR,17,7,4,SW
V9,MSS_DDR_DQS_N3,MSS_DDR,17,9,4,SW
W1,MSS_DDR_DQ35,MSS_DDR,18,1,0,SW
W11,MSS_DDR_DQ23,MSS_DDR,18,11,3,SW
W2,MSS_DDR_DQ34,MSS_DDR,18,2,1,SW
W3,MSS_DDR_DQ33,MSS_DDR,18,3,2,SW
W4,MSS_DDR_DQ32,MSS_DDR,18,4,3,SW
W6,MSS_DDR_DQS_N1,MSS_DDR,18,6,3,SW
W7,MSS_DDR_DQ9,MSS_DDR,18,7,3,SW
W8,MSS_DDR_DQ8,MSS_DDR,18,8,3,SW
W9,MSS_DDR_DQ17,MSS_DDR,18,9,3,SW
Y1,MSS_DDR_DQ2,MSS_DDR,19,1,0,SW
Y10,MSS_DDR_DM2,MSS_DDR,19,10,2,SW
Y11,MSS_DDR_DQ22,MSS_DDR,19,11,2,SW
Y3,MSS_DDR_DQ0,MSS_DDR,19,3,2,SW
Y4,MSS_DDR_DQ1,MSS_DDR,19,4,2,SW
Y5,MSS_DDR_DQ4,MSS_DDR,19,5,2,SW
Y6,MSS_DDR_DQS_P1,MSS_DDR,19,6,2,SW
Y8,MSS_DDR_DQ14,MSS_DDR,19,8,2,SW
Y9,MSS_DDR_DQ16,MSS_DDR,19,9,2,SW
A1,VSS,POWER,0,1,0,NW
A14,VSS,POWER,0,14,0,NE
A19,VDDI1,POWER,0,19,0,NE
A22,VSS,POWER,0,22,0,NE
A4,VSS,POWER,0,4,0,NW
A9,VDDI1,POWER,0,9,0,NW
AA14,VSS,POWER,20,14,1,SE
AA19,VDDI0,POWER,20,19,1,SE
AA4,VSS,POWER,20,4,1,SW
AA9,VDDI6,POWER,20,9,1,SW
AB1,VSS,POWER,21,1,0,SW
AB11,VSS,POWER,21,11,0,SW
AB16,VDDI0,POWER,21,16,0,SE
AB22,VSS,POWER,21,22,0,SE
AB6,VDDI6,POWER,21,6,0,SW
B11,VSS,POWER,1,11,1,NW
B16,VDDI1,POWER,1,16,1,NE
B6,VDDI1,POWER,1,6,1,NW
C13,VDDI1,POWER,2,13,2,NE
C18,VSS,POWER,2,18,2,NE
C21,VDDI1,POWER,2,21,1,NE
C3,VDDI2,POWER,2,3,2,NW
C8,VSS,POWER,2,8,2,NW
D10,VDDI1,POWER,3,10,3,NW
D15,VSS,POWER,3,15,3,NE
D5,VSS,POWER,3,5,3,NW
E12,VSS,POWER,4,12,4,NE
E17,VDDI1,POWER,4,17,4,NE
E2,VSS,POWER,4,2,1,NW
E20,VSS,POWER,4,20,2,NE
E21,VSS,POWER,4,21,1,NE
E22,VSS,POWER,4,22,0,NE
E7,VDDI3,POWER,4,7,4,NW
F14,VDDI1,POWER,5,14,5,NE
F18,VSS,POWER,5,18,4,NE
F19,VSS,POWER,5,19,3,NE
F20,VSS,POWER,5,20,2,NE
F4,VDDI2,POWER,5,4,3,NW
F9,VSS,POWER,5,9,5,NW
G1,VDDI2,POWER,6,1,0,NW
G11,VDDI1,POWER,6,11,6,NW
G16,VSS,POWER,6,16,6,NE
G18,VSS,POWER,6,18,4,NE
G21,VDDA,POWER,6,21,1,NE
G22,VSS,POWER,6,22,0,NE
G6,VSS,POWER,6,6,5,NW
H14,VDDAUX1,POWER,7,14,7,NE
H16,VDDAUX1,POWER,7,16,6,NE
H18,XCVR_VREF,POWER,7,18,4,NE
H19,XCVR_VREF,POWER,7,19,3,NE
H20,VSS,POWER,7,20,2,NE
H3,VSS,POWER,7,3,2,NW
H8,VDD25,POWER,7,8,7,NW
J10,VSS,POWER,8,10,8,NW
J11,VDDI3,POWER,8,11,8,NW
J12,VSS,POWER,8,12,8,NE
J13,VDDAUX1,POWER,8,13,8,NE
J14,VSS,POWER,8,14,8,NE
J15,VDD,POWER,8,15,7,NE
J16,VSS,POWER,8,16,6,NE
J17,VDD25,POWER,8,17,5,NE
J18,VDDA25,POWER,8,18,4,NE
J21,VDDA,POWER,8,21,1,NE
J22,VSS,POWER,8,22,0,NE
J5,VDDI4,POWER,8,5,4,NW
J8,VSS,POWER,8,8,7,NW
J9,VDDAUX1,POWER,8,9,8,NW
K10,VDDAUX1,POWER,9,10,9,NW
K11,VSS,POWER,9,11,9,NW
K12,VDD,POWER,9,12,9,NE
K13,VSS,POWER,9,13,9,NE
K14,VDD,POWER,9,14,8,NE
K15,VSS,POWER,9,15,7,NE
K16,VDD,POWER,9,16,6,NE
K17,VSS,POWER,9,17,5,NE
K18,VDD_XCVR_CLK,POWER,9,18,4,NE
K19,VDDA,POWER,9,19,3,NE
K2,VDDI4,POWER,9,2,1,NW
K20,VSS,POWER,9,20,2,NE
K8,VDDAUX2,POWER,9,8,7,NW
K9,VSS,POWER,9,9,8,NW
L10,VSS,POWER,10,10,9,NW
L11,VDD,POWER,10,11,10,NW
L12,VSS,POWER,10,12,10,NE
L13,VDD,POWER,10,13,9,NE
L14,VSS,POWER,10,14,8,NE
L15,VDD25,POWER,10,15,7,NE
L16,VSS,POWER,10,16,6,NE
L17,VDD,POWER,10,17,5,NE
L18,VSS,POWER,10,18,4,NE
L21,VDDA,POWER,10,21,1,NE
L22,VSS,POWER,10,22,0,NE
L4,VSS,POWER,10,4,3,NW
L9,VDDAUX2,POWER,10,9,8,NW
M1,VSS,POWER,11,1,0,SW
M10,VDDAUX4,POWER,11,10,9,SW
M11,VSS,POWER,11,11,10,SW
M12,VDD,POWER,11,12,10,SE
M13,VSS,POWER,11,13,9,SE
M14,VDD,POWER,11,14,8,SE
M15,VSS,POWER,11,15,7,SE
M16,VDD,POWER,11,16,6,SE
M17,VSS,POWER,11,17,5,SE
M18,VDDA25,POWER,11,18,4,SE
M19,VSS,POWER,11,19,3,SE
M20,VSS,POWER,11,20,2,SE
M6,VDDI5,POWER,11,6,5,SW
M8,VDDI5,POWER,11,8,7,SW
M9,VSS,POWER,11,9,8,SW
N10,VSS,POWER,12,10,9,SW
N11,VDD,POWER,12,11,9,SW
N12,VSS,POWER,12,12,9,SE
N13,VDD,POWER,12,13,9,SE
N14,VSS,POWER,12,14,8,SE
N15,VDD,POWER,12,15,7,SE
N16,VSS,POWER,12,16,6,SE
N17,VDD,POWER,12,17,5,SE
N18,VSS,POWER,12,18,4,SE
N21,VDDA,POWER,12,21,1,SE
N22,VSS,POWER,12,22,0,SE
N3,VDDI6,POWER,12,3,2,SW
N9,VDDAUX4,POWER,12,9,8,SW
P10,VDD18,POWER,13,10,8,SW
P11,VSS,POWER,13,11,8,SW
P12,VDD18,POWER,13,12,8,SE
P13,VSS,POWER,13,13,8,SE
P14,VDD18,POWER,13,14,8,SE
P15,VSS,POWER,13,15,7,SE
P16,VDD18,POWER,13,16,6,SE
P17,VSS,POWER,13,17,5,SE
P18,VDD_XCVR_CLK,POWER,13,18,4,SE
P19,VDDA,POWER,13,19,3,SE
P20,VSS,POWER,13,20,2,SE
P5,VSS,POWER,13,5,4,SW
P9,VSS,POWER,13,9,8,SW
R13,VDD18,POWER,14,13,7,SE
R17,VDD25,POWER,14,17,5,SE
R18,VSS,POWER,14,18,4,SE
R2,VSS,POWER,14,2,1,SW
R21,VDDA,POWER,14,21,1,SE
R22,VSS,POWER,14,22,0,SE
R7,VDDI6,POWER,14,7,6,SW
R9,VDD25,POWER,14,9,7,SW
T14,VDDI0,POWER,15,14,6,SE
T18,VSS,POWER,15,18,4,SE
T19,VSS,POWER,15,19,3,SE
T20,VSS,POWER,15,20,2,SE
T4,VDDI6,POWER,15,4,3,SW
T9,VSS,POWER,15,9,6,SW
U1,VDDI6,POWER,16,1,0,SW
U11,VDDI6,POWER,16,11,5,SW
U16,VSS,POWER,16,16,5,SE
U20,VSS,POWER,16,20,2,SE
U21,VSS,POWER,16,21,1,SE
U22,VSS,POWER,16,22,0,SE
U6,VSS,POWER,16,6,5,SW
V13,VSS,POWER,17,13,4,SE
V18,VDDI0,POWER,17,18,4,SE
V3,VSS,POWER,17,3,2,SW
V8,VDDI6,POWER,17,8,4,SW
W10,VSS,POWER,18,10,3,SW
W15,VDDI0,POWER,18,15,3,SE
W20,VSS,POWER,18,20,2,SE
W5,VDDI6,POWER,18,5,3,SW
Y12,VDDI0,POWER,19,12,2,SE
Y17,VSS,POWER,19,17,2,SE
Y2,VDDI6,POWER,19,2,1,SW
Y22,VDDI0,POWER,19,22,0,SE
Y7,VSS,POWER,19,7,2,SW
K6,MSS_SGMII_RXP1,SGMII,9,6,5,NW
K7,MSS_SGMII_RXN1,SGMII,9,7,6,NW
L5,MSS_SGMII_RXP0,SGMII,10,5,4,NW
L6,MSS_SGMII_RXN0,SGMII,10,6,5,NW
L7,MSS_REFCLK_IN_P,SGMII,10,7,6,NW
L8,MSS_REFCLK_IN_N,SGMII,10,8,7,NW
M7,MSS_SGMII_TXP1,SGMII,11,7,6,SW
N6,MSS_SGMII_TXP0,SGMII,12,6,5,SW
N7,MSS_SGMII_TXN0,SGMII,12,7,6,SW
N8,MSS_SGMII_TXN1,SGMII,12,8,7,SW
F21,XCVR_0_TX0_N,XCVR,5,21,1,NE
F22,XCVR_0_TX0_P,XCVR,5,22,0,NE
G19,XCVR_0_RX0_N,XCVR,6,19,3,NE
G20,XCVR_0_RX0_P,XCVR,6,20,2,NE
H21,XCVR_0_TX1_N,XCVR,7,21,1,NE
H22,XCVR_0_TX1_P,XCVR,7,22,0,NE
J19,XCVR_0C_REFCLK_P,XCVR,8,19,3,NE
J20,XCVR_0C_REFCLK_N,XCVR,8,20,2,NE
K21,XCVR_0_RX1_N,XCVR,9,21,1,NE
K22,XCVR_0_RX1_P,XCVR,9,22,0,NE
L19,XCVR_0A_REFCLK_P,XCVR,10,19,3,NE
L20,XCVR_0A_REFCLK_N,XCVR,10,20,2,NE
M21,XCVR_0_RX2_N,XCVR,11,21,1,SE
M22,XCVR_0_RX2_P,XCVR,11,22,0,SE
N19,XCVR_0B_REFCLK_P,XCVR,12,19,3,SE
N20,XCVR_0B_REFCLK_N,XCVR,12,20,2,SE
P21,XCVR_0_TX2_N,XCVR,13,21,1,SE
P22,XCVR_0_TX2_P,XCVR,13,22,0,SE
R19,XCVR_0_RX3_N,XCVR,14,19,3,SE
R20,XCVR_0_RX3_P,XCVR,14,20,2,SE
T21,XCVR_0_TX3_N,XCVR,15,21,1,SE
T22,XCVR_0_TX3_P,XCVR,15,22,0,SE
